First Name,Middle Name,Last Name,Phonetic First Name,Phonetic Middle Name,Phonetic Last Name,Name Prefix,Name Suffix,Nickname,File As,Organization Name,Organization Title,Organization Department,Birthday,Notes,Photo,Labels,E-mail 1 - Label,E-mail 1 - Value,Phone 1 - Label,Phone 1 - Value
Aadvika,,Tyagi,,,,,,,,,,,,,,* myContacts,* ,tyagiaadvika@gmail.com,,99109 91765
Abhishek ,,Chauhan,,,,,,,,,,,,,,* myContacts,* ,abhishekchauhan1172002@gmail.com,,97027 20787
Aditi,,Parihar,,,,,,,,,,,,,,* myContacts,* ,parihar.muskan27@gmail.com,,82997 10836
Annanya,,Chaudhary,,,,,,,,,,,,,,* myContacts,* ,annanyachaudhary9@gmail.com,,63958 29896
Arjun,,Tyagi,,,,,,,,,,,,,,* myContacts,* ,tyagiarjun566@gmail.com,,98917 87167
Prisha ,,Tated,,,,,,,,,,,,,,* myContacts,* ,prishatated@gmail.com,,88888 58638
Rahul ,,Tyagi,,,,,,,,,,,,,,* myContacts,* ,rahultyagia40@gmail.com,,79068 93637
Vasvi,,Garg,,,,,,,,,,,,,,* myContacts,* ,gargvasvi@gmail.com,,97292 37775
Viraj,,Tyagi,,,,,,,,,,,,,,* myContacts,* ,virajtyagi60@gmail.com,,63977 96318